Maker,Model
Acura,CL
Acura,EL
Acura,ILX
Acura,Integra
Acura,Legend
Acura,MDX
Acura,RDX
Acura,RL
Acura,RSX
Acura,SLX
Acura,TL
Acura,TSX
Acura,ZDX
Adler,Stromform
Adler,Trumpf
Aixam,400
Aixam,500
Aixam,Scouty
Alfa Romeo,145
Alfa Romeo,146
Alfa Romeo,147
Alfa Romeo,149
Alfa Romeo,155
Alfa Romeo,156
Alfa Romeo,159
Alfa Romeo,164
Alfa Romeo,166
Alfa Romeo,33
Alfa Romeo,4C
Alfa Romeo,75
Alfa Romeo,90
Alfa Romeo,Alfasud
Alfa Romeo,Alfetta
Alfa Romeo,Brera
Alfa Romeo,Giulietta
Alfa Romeo,GT
Alfa Romeo,GTV
Alfa Romeo,Mito
Alfa Romeo,Spider
Alpine,A610
Aro,10
Aro,104
Aro,240
Aro,243
Aro,244
Aro,245
Aro,461
Artega,GT
Asia,Cosmos
Asia,Rocsta
Asia,Topic
Aston Martin,DB9
Aston Martin,DBS
Aston Martin,Rapide
Aston Martin,V8 Vantage
Aston Martin,Vanquish
Audi,100
Audi,200
Audi,80
Audi,90
Audi,A1
Audi,A2
Audi,A3
Audi,A4
Audi,A4 Allroad
Audi,A5
Audi,A6
Audi,A6 Allroad
Audi,A7
Audi,A8
Audi,Q3
Audi,Q5
Audi,Q7
Audi,R8
Audi,RS4 
Audi,RS5
Audi,RS6
Audi,RS7
Audi,S2
Audi,S3
Audi,S4
Audi,S5
Audi,S6
Audi,S7 Sportback
Audi,S8
Audi,SQ
Audi,TT
Audi,TTS
Audi,V8
Austin,Metro
Austin,Montego
Austin,Rover
Barkas (Баркас),1001
Barkas (Баркас),1990
Barkas (Баркас),B1000
Bentley,Arnage
Bentley,Azure
Bentley,Brooklands
Bentley,Continental
Bentley,Flying Spur
Bentley,Mulsanne
Bio Auto,evA-4
Bio Auto,evA-5
BMW,116
BMW,118
BMW,120
BMW,125
BMW,130
BMW,135
BMW,2 Series
BMW,3 Series GT
BMW,315
BMW,316
BMW,318
BMW,320
BMW,321
BMW,323
BMW,324
BMW,325
BMW,328
BMW,330
BMW,335
BMW,340
BMW,420
BMW,428
BMW,435
BMW,5 Series GT
BMW,518
BMW,520
BMW,523
BMW,524
BMW,525
BMW,528
BMW,530
BMW,535
BMW,540
BMW,545
BMW,550
BMW,630
BMW,635
BMW,640
BMW,645
BMW,650
BMW,725
BMW,728
BMW,730
BMW,732
BMW,735
BMW,740
BMW,745
BMW,750
BMW,760
BMW,Alpina
BMW,I3
BMW,I8
BMW,M3
BMW,M4
BMW,M5
BMW,M6
BMW,X1
BMW,X3
BMW,X4
BMW,X5
BMW,X5 M
BMW,X6
BMW,X6 M
BMW,Z3
BMW,Z4
Brilliance,BS4
Brilliance,BS6
Brilliance,Jinbei
Brilliance,M 1
Brilliance,M 2
Bugatti,EB 110
Bugatti,Veyron
Buick,Century
Buick,Enclave
Buick,Enclave USA
Buick,Encore
Buick,LaCrosse
Buick,LE Sabre
Buick,Park Avenue
Buick,Regal
Buick,Rendezvous
Buick,Riviera
Buick,Roadmaster
Buick,Skylark
BYD,E6
BYD,F0
BYD,F3
BYD,F3R
BYD,F6
BYD,Flyer
BYD,G3
BYD,G6
BYD,S6
Cadillac,ATS
Cadillac,Brougham
Cadillac,CTS
Cadillac,DE Ville
Cadillac,DTS
Cadillac,Eldorado
Cadillac,ELR
Cadillac,Escalade
Cadillac,Fleetwood
Cadillac,Seville
Cadillac,SRX
Cadillac,STS
Cadillac,XTS
Chana,Benni
Changan,SC
Changhe,Ideal
Changhe,Ideal II
Chery,A13
Chery,A15
Chery,Amulet
Chery,Beat
Chery,CrossEastar
Chery,E 5
Chery,Eastar
Chery,Elara
Chery,Flagcloud
Chery,Jaggi
Chery,Karry
Chery,Kimo
Chery,M11
Chery,Oriental Son
Chery,QQ
Chery,SQR
Chery,Tiggo
Chevrolet,Alero
Chevrolet,Astro
Chevrolet,Avalanche
Chevrolet,Aveo
Chevrolet,Bel Air
Chevrolet,Beretta
Chevrolet,Blazer
Chevrolet,Camaro
Chevrolet,Camaro Convertible
Chevrolet,Caprice
Chevrolet,Captiva
Chevrolet,Cavalier
Chevrolet,Chevy
Chevrolet,Cobalt
Chevrolet,Colorado
Chevrolet,Corsica
Chevrolet,Corvette
Chevrolet,Cruze
Chevrolet,Epica
Chevrolet,Equinox
Chevrolet,Evanda
Chevrolet,Explorer
Chevrolet,Express
Chevrolet,Geo Storm
Chevrolet,HHR
Chevrolet,Impala
Chevrolet,Lacetti
Chevrolet,Lanos
Chevrolet,Lumina
Chevrolet,Malibu
Chevrolet,Master De luxe
Chevrolet,Matiz
Chevrolet,Niva
Chevrolet,Nubira
Chevrolet,Orlando
Chevrolet,S-10
Chevrolet,Silverado
Chevrolet,Spark
Chevrolet,SS
Chevrolet,SSR
Chevrolet,Suburban
Chevrolet,Tacuma
Chevrolet,Tahoe
Chevrolet,Tracker
Chevrolet,TrailBlazer
Chevrolet,Traker
Chevrolet,Traverse
Chevrolet,Ventura
Chevrolet,Volt
Chrysler,180
Chrysler,200
Chrysler,300
Chrysler,300 C
Chrysler,300 M
Chrysler,300 S
Chrysler,Cirrus
Chrysler,Concorde
Chrysler,Crossfire
Chrysler,ES
Chrysler,Grand Voyager
Chrysler,Intrepid
Chrysler,Jeep Cherokee
Chrysler,LE Baron
Chrysler,LHS
Chrysler,Neon
Chrysler,New Yorker
Chrysler,Pacifica
Chrysler,PT Cruiser
Chrysler,Saratoga
Chrysler,Sebring
Chrysler,Stratus
Chrysler,Town &amp; Country
Chrysler,Vision
Chrysler,Voyager
Citroen,AX
Citroen,Berlingo
Citroen,BX
Citroen,C-Crosser
Citroen,C-Elysee
Citroen,C1
Citroen,C15
Citroen,C2
Citroen,C3
Citroen,C3 Picasso
Citroen,C4
Citroen,C4 Picasso
Citroen,C5
Citroen,C6
Citroen,C8
Citroen,CX
Citroen,DS3
Citroen,DS4
Citroen,DS5
Citroen,Evasion
Citroen,Grand C4 Picasso
Citroen,GSA
Citroen,Jumper
Citroen,Jumpy
Citroen,Nemo
Citroen,Oltcit
Citroen,Saxo
Citroen,Visa
Citroen,Xantia
Citroen,XM
Citroen,Xsara
Citroen,Xsara Picasso
Citroen,ZX
Dacia,1310
Dacia,Logan
Dacia,Sandero
Dacia,Solenza
Dacia,SuperNova
Dadi,BDD
Dadi,City Leading
Dadi,Huabey
Dadi,Shuttle
Dadi,Smoothing
Dadi,Suv
Daewoo,Damas
Daewoo,Espero
Daewoo,Gentra
Daewoo,Kalos
Daewoo,Lacetti
Daewoo,Lanos
Daewoo,Leganza
Daewoo,Lublin
Daewoo,Matiz
Daewoo,Musso
Daewoo,Nexia
Daewoo,Nubira
Daewoo,Prince
Daewoo,Racer
Daewoo,Sens
Daewoo,Super Salon
Daewoo,Tacuma
Daewoo,Tico
Daf,200
DAF / VDL,ldv-400 convoy
DAF / VDL,TE47
Daihatsu,Applause
Daihatsu,Charade
Daihatsu,Cuore
Daihatsu,Feroza
Daihatsu,Grand Move
Daihatsu,Hijet
Daihatsu,Materia
Daihatsu,Move
Daihatsu,Rocky
Daihatsu,Sirion
Daihatsu,Terios
DKW,F7
Dodge,Aspen
Dodge,Avenger
Dodge,Caliber
Dodge,Caravan
Dodge,Challenger
Dodge,Charger
Dodge,Dakota
Dodge,Dart
Dodge,Durango
Dodge,Dynasty
Dodge,Grand Caravan
Dodge,Intrepid
Dodge,Magnum
Dodge,Neon
Dodge,Nitro
Dodge,Omni
Dodge,RAM
Dodge,Ram Van
Dodge,Shadow
Dodge,Spirit
Dodge,Stealth
Dodge,Stratus
Dodge,Viper
Dongfeng,EQ1021
Dongfeng,EQ6380
Eagle,Talon
FAW,6371
FAW,Besturn
FAW,V2
FAW,V5
Ferrari,348
Ferrari,360
Ferrari,458 Italia
Ferrari,612 Scaglietti
Ferrari,California
Ferrari,F12
Ferrari,F430
Ferrari,FF
Ferrari,Fiorano
Fiat,1100B
Fiat,125
Fiat,126
Fiat,127
Fiat,128
Fiat,131
Fiat,132
Fiat,500
Fiat,500 L
Fiat,850
Fiat,Abarth
Fiat,Albea
Fiat,Argenta
Fiat,Barchetta
Fiat,Brava
Fiat,Bravo
Fiat,Cinquecento
Fiat,Coupe
Fiat,Croma
Fiat,Doblo Panorama
Fiat,Doblo
Fiat,Ducato
Fiat,Ducato
Fiat,Duna
Fiat,Fiorino
Fiat,Freemont
Fiat,FSO Polonez
Fiat,Grande Punto
Fiat,Idea
Fiat,Linea
Fiat,Marea
Fiat,Multipla
Fiat,Palio
Fiat,Panda
Fiat,Punto
Fiat,QUBO
Fiat,Regata
Fiat,Ritmo
Fiat,Scudo
Fiat,Seicento
Fiat,Siena
Fiat,Simca
Fiat,Stilo
Fiat,Talento
Fiat,Tempra
Fiat,Tipo
Fiat,Ulysse
Fiat,Uno
Fiat,Yugo
Fisker,Karma
Ford,Aerostar
Ford,Aspire
Ford,B-Max
Ford,Bronco
Ford,C-Max
Ford,Capri
Ford,Contour
Ford,Cougar
Ford,Courier
Ford,Crown Victoria
Ford,E-series
Ford,Econoline
Ford,Econovan
Ford,Edge
Ford,Escape
Ford,Escort
Ford,Escort van
Ford,Excursion
Ford,Expedition
Ford,Explorer
Ford,F-150
Ford,F-250
Ford,F-350
Ford,F-450
Ford,F-550
Ford,F-650
Ford,Festiva
Ford,Fiesta
Ford,Flex
Ford,Focus
Ford,Freestar
Ford,Fusion
Ford,Galaxie
Ford,Galaxy
Ford,Gran Torino
Ford,Granada
Ford,Grand C-MAX
Ford,KA
Ford,Kuga
Ford,Laser
Ford,Maverick
Ford,Mercury
Ford,Mondeo
Ford,Mustang
Ford,Mustang GT
Ford,Mustang Shelby
Ford,Orion
Ford,Otosan
Ford,Probe
Ford,Puma
Ford,Ranger
Ford,Raptor
Ford,S-Max
Ford,Scorpio
Ford,Sierra
Ford,Streetka
Ford,Taunus
Ford,Taurus
Ford,Tempo
Ford,Thunderbird
Ford,Tourneo Connect
Ford,Tourneo Custom
Ford,Transit Chassis
Ford,Transit Custom
Ford,Transit Van
Ford,Windstar
Ford,T
Ford,Transit
FSO,Caro
FSO,Polonez
FUQI,FQ
Geely,BO
Geely,CK
Geely,CK-2
Geely,CK1
Geely,Emgrand 7
Geely,Emgrand 8
Geely,Emgrand X7
Geely,FC
Geely,GC2
Geely,GC5
Geely,GC6
Geely,GC7
Geely,GХ2
Geely,HA
Geely,JL
Geely,LC
Geely,MK
Geely,MK Cross
Geely,MK-2
Geely,MR
Geely,SL
Geely,SMA
GMC,Acadia
GMC,Acadia USA
GMC,Canyon
GMC,Envoy
GMC,Jimmy
GMC,Safari
GMC,Savana
GMC,Sierra
GMC,Suburban
GMC,Terrain
GMC,Vandura
GMC,Yukon
Gonow,Jetstar
Gonow,Troy Suv
Gonow,Victor Suv
Great Wall,CC
Great Wall,Deer
Great Wall,Florid
Great Wall,Haval
Great Wall,Hover
Great Wall,Hover F&amp;L
Great Wall,Pegasus
Great Wall,Safe
Great Wall,Sing
Great Wall,SoCool
Great Wall,Voleex
Great Wall,Wingle
Groz,BAW  1044
Groz,BAW  1065
Groz,Fox
Groz,Rocky
Groz,Shuttle
Groz,Target
Hafei,Lobo
Hafei,Ruiyi
Hafei,Saibao
Hafei,Zhongyi
Honda,Accord
Honda,Accord Tourer
Honda,Acty Van
Honda,Aerodeck
Honda,City
Honda,Civic
Honda,Civic Shuttle
Honda,Concerto
Honda,CR-V
Honda,CR-Z
Honda,Crosstour
Honda,CRX
Honda,Element
Honda,F-mx
Honda,FIT
Honda,FR-V
Honda,HR-V
Honda,Insight
Honda,Integra
Honda,Jazz
Honda,Legend
Honda,Life
Honda,Logo
Honda,Odyssey
Honda,Passport
Honda,Pilot
Honda,Prelude
Honda,Quintet
Honda,Ridgeline
Honda,S2000
Honda,Saber
Honda,Shuttle
Honda,Stream
Honda,Vigor
Huabei,HC
Huabei,HG
Huanghai,Aurora
Hummer,H1
Hummer,H2
Hummer,H3
Hummer,H3X
Hummer,Hummer
Hyundai,Accent 
Hyundai,Atos
Hyundai,Avante
Hyundai,Azera
Hyundai,County
Hyundai,Coupe
Hyundai,Elantra
Hyundai,Equus
Hyundai,Excel
Hyundai,Galloper
Hyundai,Genesis
Hyundai,Getz
Hyundai,Grand Santa Fe
Hyundai,Grandeur
Hyundai,H 100
Hyundai,H 200
Hyundai,H 300
Hyundai,H1
Hyundai,i10
Hyundai,i20
Hyundai,i30 
Hyundai,i40
Hyundai,IX35
Hyundai,ix55 (Veracruz)
Hyundai,Lantra
Hyundai,Matrix
Hyundai,Pony
Hyundai,S-Coupe
Hyundai,Santa FE
Hyundai,Santamo
Hyundai,Solaris
Hyundai,Sonata
Hyundai,Starex
Hyundai,Stellar
Hyundai,Terracan
Hyundai,Tiburon
Hyundai,Trajet
Hyundai,Tucson
Hyundai,Veloster
Hyundai,XG
Infiniti,EX
Infiniti,FX
Infiniti,G
Infiniti,I
Infiniti,JX
Infiniti,M
Infiniti,Q
Infiniti,QX
Iran Khodro,Samand
Isuzu,Ascender
Isuzu,Aska
Isuzu,D-Max
Isuzu,Gemini
Isuzu,Midi
Isuzu,Piazza
Isuzu,Rodeo
Isuzu,Trooper
Isuzu,VehiCross
Iveco,Daily 4x4
Iveco,Daily
Iveco,Unic
JAC,J2
JAC,J5
JAC,J6
JAC,S5
Jaguar,Daimler
Jaguar,F-Type
Jaguar,S-Type
Jaguar,Sovereign
Jaguar,X-Type
Jaguar,XF
Jaguar,XFR
Jaguar,XJ
Jaguar,XJ6
Jaguar,XJ8
Jaguar,XJR
Jaguar,XJS
Jaguar,XK
Jaguar,XKR
Jeep,Cherokee
Jeep,CJ
Jeep,Commander
Jeep,Compass
Jeep,Grand Cherokee
Jeep,Liberty
Jeep,Patriot
Jeep,Wrangler
Jinbei,Haise
JMC,BD
Jonway,Ufo
Kia,Avella
Kia,Besta
Kia,Carens
Kia,Carnival
Kia,Ceed
Kia,Cerato
Kia,Ceres
Kia,Clarus
Kia,Concord
Kia,Credos
Kia,Grand Sportage
Kia,Joice
Kia,Koup
Kia,Magentis
Kia,Mohave
Kia,Opirus
Kia,Optima
Kia,Picanto
Kia,Pregio
Kia,Pride
Kia,Pro Ceed
Kia,Retona
Kia,Rio
Kia,Sedona
Kia,Sephia
Kia,Shuma
Kia,Sorento
Kia,Soul
Kia,Spectra
Kia,Sportage
Kia,Venga
Koenigsegg,CCXR Trevita
Lamborghini,Aventador
Lamborghini,Diablo
Lamborghini,Gallardo
Lamborghini,Huracan
Lancia,Beta
Lancia,Dedra
Lancia,Delta
Lancia,Kappa
Lancia,Lybra
Lancia,Musa
Lancia,Phedra
Lancia,Prisma
Lancia,Thema
Lancia,Thesis
Lancia,Y10
Lancia,Ypsilon
Land Rover,Defender
Land Rover,Discovery
Land Rover,Freelander
Land Rover,Range Rover
Land Rover,Range Rover Evoque
Land Rover,Range Rover Sport
Landwind,SUV
Landwind,X6
LDV,Maxus
LDV,Pilot
Lexus,CT
Lexus,ES
Lexus,GS
Lexus,GX
Lexus,IS
Lexus,IS-F
Lexus,LS
Lexus,LX
Lexus,NX
Lexus,RC
Lexus,RX
Lexus,SC
Lifan,320
Lifan,520
Lifan,620
Lifan,X60
Lincoln,Continental
Lincoln,Excalibur
Lincoln,LS
Lincoln,Mark
Lincoln,MKC
Lincoln,MKS
Lincoln,MKT
Lincoln,MKX
Lincoln,MKZ
Lincoln,Navigator
Lincoln,Town Car
Lincoln,Zephyr
Lotus,Evora
Lotus,Super Seven
Marshell,DN
Maserati,Coupe
Maserati,Ghibli
Maserati,GranCabrio
Maserati,GranSport
Maserati,GranTurismo
Maserati,Quattroporte
Maybach,57
Maybach,62
Mazda,121
Mazda,2
Mazda,3
Mazda,3 MPS
Mazda,323
Mazda,5
Mazda,6
Mazda,6 MPS
Mazda,626
Mazda,929
Mazda,B-series
Mazda,Bongo
Mazda,BT-50
Mazda,Capella
Mazda,CX-5
Mazda,CX-7
Mazda,CX-9
Mazda,Demio
Mazda,E-series
Mazda,Eunos
Mazda,Familia
Mazda,Millenia
Mazda,MPV
Mazda,MX-3
Mazda,MX-5
Mazda,MX-6
Mazda,Premacy
Mazda,Protege
Mazda,RX-7
Mazda,RX-8
Mazda,Tribute
Mazda,Xedos
Mazda,Xedos 6
Mazda,Xedos 9
McLaren,650S
McLaren,MP4
Mercedes-Benz,190
Mercedes-Benz,200
Mercedes-Benz,210
Mercedes-Benz,220
Mercedes-Benz,230
Mercedes-Benz,240
Mercedes-Benz,250
Mercedes-Benz,260
Mercedes-Benz,280
Mercedes-Benz,290
Mercedes-Benz,300
Mercedes-Benz,320
Mercedes-Benz,400
Mercedes-Benz,420
Mercedes-Benz,500
Mercedes-Benz,560
Mercedes-Benz,600
Mercedes-Benz,A-Class
Mercedes-Benz,A 140
Mercedes-Benz,A 150
Mercedes-Benz,A 160
Mercedes-Benz,A 170
Mercedes-Benz,A 180
Mercedes-Benz,A 190
Mercedes-Benz,A 200
Mercedes-Benz,A 210
Mercedes-Benz,A 250
Mercedes-Benz,AMG
Mercedes-Benz,B-Class
Mercedes-Benz,B 150
Mercedes-Benz,B 170
Mercedes-Benz,B 180
Mercedes-Benz,B 200
Mercedes-Benz,C-Class
Mercedes-Benz,Citan
Mercedes-Benz,CL-Class
Mercedes-Benz,CL 180
Mercedes-Benz,CL 200
Mercedes-Benz,CL 220
Mercedes-Benz,CL 230
Mercedes-Benz,CL 420
Mercedes-Benz,CL 500
Mercedes-Benz,CL 55 AMG
Mercedes-Benz,CL 550
Mercedes-Benz,CL 600
Mercedes-Benz,CL 63 AMG
Mercedes-Benz,CL 65 AMG
Mercedes-Benz,CLA-Class
Mercedes-Benz,CLA 200
Mercedes-Benz,CLA 220
Mercedes-Benz,CLA 250
Mercedes-Benz,CLA 45 AMG
Mercedes-Benz,CLC-Class
Mercedes-Benz,CLC 180
Mercedes-Benz,CLC 200
Mercedes-Benz,CLC 220
Mercedes-Benz,CLC 230
Mercedes-Benz,CLC 350
Mercedes-Benz,CLK-Class
Mercedes-Benz,CLK 200
Mercedes-Benz,CLK 220
Mercedes-Benz,CLK 230
Mercedes-Benz,CLK 240
Mercedes-Benz,CLK 270
Mercedes-Benz,CLK 280
Mercedes-Benz,CLK 320
Mercedes-Benz,CLK 350
Mercedes-Benz,CLK 430
Mercedes-Benz,CLK 500
Mercedes-Benz,CLS-Class
Mercedes-Benz,CLS 250
Mercedes-Benz,CLS 280
Mercedes-Benz,CLS 320
Mercedes-Benz,CLS 350
Mercedes-Benz,CLS 500
Mercedes-Benz,CLS 55 AMG
Mercedes-Benz,CLS 63 AMG
Mercedes-Benz,E-Class
Mercedes-Benz,G-Class
Mercedes-Benz,G 230
Mercedes-Benz,G 240
Mercedes-Benz,G 250
Mercedes-Benz,G 270
Mercedes-Benz,G 280
Mercedes-Benz,G 290
Mercedes-Benz,G 300
Mercedes-Benz,G 320
Mercedes-Benz,G 350
Mercedes-Benz,G 400
Mercedes-Benz,G 500
Mercedes-Benz,G 55 AMG
Mercedes-Benz,G 63 AMG
Mercedes-Benz,G 65 AMG
Mercedes-Benz,GL-Class
Mercedes-Benz,GL 320
Mercedes-Benz,GL 350
Mercedes-Benz,GL 420
Mercedes-Benz,GL 450
Mercedes-Benz,GL 500
Mercedes-Benz,GL 55 AMG
Mercedes-Benz,GL 550
Mercedes-Benz,GL 63 AMG
Mercedes-Benz,GLA-Class
Mercedes-Benz,GLK-Class
Mercedes-Benz,GLK 200
Mercedes-Benz,GLK 220
Mercedes-Benz,GLK 250
Mercedes-Benz,GLK 280
Mercedes-Benz,GLK 300
Mercedes-Benz,GLK 350
Mercedes-Benz,MB
Mercedes-Benz,ML-Class
Mercedes-Benz,ML 230
Mercedes-Benz,ML 250
Mercedes-Benz,ML 270
Mercedes-Benz,ML 280
Mercedes-Benz,ML 300
Mercedes-Benz,ML 320
Mercedes-Benz,ML 350
Mercedes-Benz,ML 400
Mercedes-Benz,ML 420
Mercedes-Benz,ML 430
Mercedes-Benz,ML 500
Mercedes-Benz,ML 55 AMG
Mercedes-Benz,ML 550
Mercedes-Benz,ML 63 AMG
Mercedes-Benz,R-Class
Mercedes-Benz,R 280
Mercedes-Benz,R 320
Mercedes-Benz,R 350
Mercedes-Benz,R 500
Mercedes-Benz,S-Class
Mercedes-Benz,S 140
Mercedes-Benz,S 250
Mercedes-Benz,S 260
Mercedes-Benz,S 280
Mercedes-Benz,S 300
Mercedes-Benz,S 320
Mercedes-Benz,S 350
Mercedes-Benz,S 400
Mercedes-Benz,S 420
Mercedes-Benz,S 430
Mercedes-Benz,S 450
Mercedes-Benz,S 500
Mercedes-Benz,S 55
Mercedes-Benz,S 550
Mercedes-Benz,S 600
Mercedes-Benz,S 63 AMG
Mercedes-Benz,S 65 AMG
Mercedes-Benz,S 67
Mercedes-Benz,SL-Class
Mercedes-Benz,SL 300
Mercedes-Benz,SL 320
Mercedes-Benz,SL 350
Mercedes-Benz,SL 380
Mercedes-Benz,SL 420
Mercedes-Benz,SL 500 (550)
Mercedes-Benz,SL 55 AMG
Mercedes-Benz,SL 560
Mercedes-Benz,SL 600
Mercedes-Benz,SL 63 AMG
Mercedes-Benz,SL 65 AMG
Mercedes-Benz,SLK-Class
Mercedes-Benz,SLK 200
Mercedes-Benz,SLK 230
Mercedes-Benz,SLK 280
Mercedes-Benz,SLK 320
Mercedes-Benz,SLK 350
Mercedes-Benz,SLK 55 AMG
Mercedes-Benz,SLS-Class
Mercedes-Benz,Smart
Mercedes-Benz,Sprinter 208
Mercedes-Benz,Sprinter 210
Mercedes-Benz,Sprinter 211
Mercedes-Benz,Sprinter 212
Mercedes-Benz,Sprinter 213
Mercedes-Benz,Sprinter 308
Mercedes-Benz,Sprinter 313
Mercedes-Benz,Sprinter 315
Mercedes-Benz,Sprinter 316
Mercedes-Benz,Sprinter 318
Mercedes-Benz,V-Class
Mercedes-Benz,V 200
Mercedes-Benz,V 220
Mercedes-Benz,V 230
Mercedes-Benz,V 250
Mercedes-Benz,V 280
Mercedes-Benz,Vaneo
Mercedes-Benz,Viano
Mercedes-Benz,Vito
Mercedes-Benz,Sprinter 211
Mercedes-Benz,Sprinter 213
Mercedes-Benz,Sprinter 308
Mercedes-Benz,Sprinter 318
Mercury,Cougar
Mercury,Grand Marquis
Mercury,Mystique
Mercury,Sable
Mercury,Topaz
Mercury,Tracer
Mercury,Villager
MG,3
MG,350
MG,5
MG,550
MG,6
MG,F
MINI,Clubman
MINI,Cooper
MINI,Cooper D
MINI,Cooper S
MINI,Countryman
MINI,One
MINI,Paceman
MINI,Rover
Mitsubishi,3000 GT
Mitsubishi,ASX
Mitsubishi,Carisma
Mitsubishi,Celeste
Mitsubishi,Chariot
Mitsubishi,Colt
Mitsubishi,Cordia
Mitsubishi,Debonair
Mitsubishi,Delica
Mitsubishi,Diamante
Mitsubishi,Eclipse
Mitsubishi,Eclipse USA
Mitsubishi,Eterna
Mitsubishi,FTO
Mitsubishi,Galant
Mitsubishi,Grandis
Mitsubishi,i-MiEV
Mitsubishi,L 200
Mitsubishi,L 300
Mitsubishi,L 400
Mitsubishi,Lancer
Mitsubishi,Lancer Evolution
Mitsubishi,Lancer X
Mitsubishi,Lancer X Ralliart
Mitsubishi,Lancer X Sportback
Mitsubishi,Legnum
Mitsubishi,Mirage
Mitsubishi,Montero
Mitsubishi,Nativa
Mitsubishi,Outlander
Mitsubishi,Outlander XL
Mitsubishi,Pajero
Mitsubishi,Pajero Pinin
Mitsubishi,Pajero Sport
Mitsubishi,Pajero Wagon
Mitsubishi,Proton
Mitsubishi,Sapporo
Mitsubishi,Sigma
Mitsubishi,Space Gear
Mitsubishi,Space Runner
Mitsubishi,Space Star
Mitsubishi,Space Wagon
Mitsubishi,Starion
Mitsubishi,Tredia
Mitsubishi,Virage
Nissan,100NX
Nissan,200 SX
Nissan,300
Nissan,300ZX
Nissan,350Z
Nissan,370Z
Nissan,Almera
Nissan,Almera Tino
Nissan,Altima
Nissan,Armada
Nissan,Auster
Nissan,Avenir
Nissan,Bluebird
Nissan,Cedric
Nissan,Cefiro
Nissan,Cherry
Nissan,Cima
Nissan,Datsun
Nissan,Elgrand
Nissan,Frontier
Nissan,Gloria
Nissan,GT-R
Nissan,Homy
Nissan,Interstar
Nissan,Juke
Nissan,King Cab
Nissan,Kubistar
Nissan,Langley
Nissan,Laurel
Nissan,Leaf
Nissan,Leopard
Nissan,Liberta Villa
Nissan,Maxima
Nissan,Micra
Nissan,Murano
Nissan,Navara
Nissan,Note
Nissan,NP300
Nissan,NV
Nissan,Paladin
Nissan,Pathfinder
Nissan,Patrol
Nissan,Pickup
Nissan,Pixo
Nissan,Prairie
Nissan,Presea
Nissan,Primastar
Nissan,Primera
Nissan,Pulsar
Nissan,Qashqai
Nissan,Qashqai+2
Nissan,Quest
Nissan,R'nessa
Nissan,Rogue
Nissan,Sentra
Nissan,Serena
Nissan,Silvia
Nissan,Skyline
Nissan,Stanza
Nissan,Sunny
Nissan,Teana
Nissan,Terrano
Nissan,TIIDA
Nissan,Tino
Nissan,Titan
Nissan,Urvan
Nissan,Vanette
Nissan,Wingroad
Nissan,X-Terra
Nissan,X-Trail
Nysa (Ныса),522
Oldsmobile,98
Oldsmobile,Aurora
Oldsmobile,Cutlass
Oldsmobile,Eighty-Eight
Oldsmobile,Royal
Opel, Antara
Opel,Admiral
Opel,Agila
Opel,Arena
Opel,Ascona
Opel,Astra
Opel,Astra F
Opel,Astra G
Opel,Astra H
Opel,Astra J
Opel,Calibra
Opel,Campo
Opel,Combo
Opel,Commodore
Opel,Corsa
Opel,Frontera
Opel,Insignia
Opel,Kadett
Opel,Kapitan
Opel,Manta
Opel,Meriva
Opel,Mokka
Opel,Monterey
Opel,Monza
Opel,Movano
Opel,Olimpia
Opel,Omega
Opel,Rekord
Opel,Senator
Opel,Signum
Opel,Sintra
Opel,Speedster
Opel,Super 6
Opel,Tigra
Opel,Vectra
Opel,Vectra A
Opel,Vectra B
Opel,Vectra C
Opel,Vivaro
Opel,Zafira
Packard,One Twenty
Peg-Perego,Ranger
Peugeot,1007
Peugeot,104
Peugeot,106
Peugeot,107
Peugeot,2008
Peugeot,203
Peugeot,205
Peugeot,206
Peugeot,207
Peugeot,208
Peugeot,3008
Peugeot,301
Peugeot,305
Peugeot,306
Peugeot,307
Peugeot,308
Peugeot,309
Peugeot,4007
Peugeot,4008
Peugeot,405
Peugeot,406
Peugeot,407
Peugeot,408
Peugeot,5008
Peugeot,505
Peugeot,508
Peugeot,605
Peugeot,607
Peugeot,806
Peugeot,807
Peugeot,Bipper
Peugeot,Boxer
Peugeot,Boxer
Peugeot,Expert
Peugeot,G 5
Peugeot,Karsan
Peugeot,Partner
Peugeot,Ranch
Peugeot,RCZ
Plymouth,Laser
Plymouth,Neon
Plymouth,Voyager
Pontiac,6000
Pontiac,Bonneville
Pontiac,Firebird
Pontiac,G5
Pontiac,Grand AM
Pontiac,Grand Prix
Pontiac,GTO
Pontiac,Lemans
Pontiac,Solstice
Pontiac,Sunbird
Pontiac,Sunburst
Pontiac,Sunfire
Pontiac,Trans Sport
Pontiac,Vibe
Porsche,356
Porsche,911
Porsche,924
Porsche,944
Porsche,997
Porsche,Boxster
Porsche,Cayenne
Porsche,Cayman
Porsche,Macan
Porsche,Panamera
Proton,415
Proton,Persona
Renault,11
Renault,12
Renault,14
Renault,17
Renault,18
Renault,19
Renault,20
Renault,21
Renault,25
Renault,4
Renault,5
Renault,9
Renault,Chamade
Renault,Clio
Renault,Dokker
Renault,Duster
Renault,Espace
Renault,Express
Renault,Fluence 
Renault,Fuego
Renault,Grand Espace
Renault,Grand Scenic
Renault,Kangoo
Renault,Koleos
Renault,Laguna
Renault,Latitude
Renault,Lodgy
Renault,Logan
Renault,Master
Renault,Megane
Renault,Megane RS
Renault,Modus
Renault,Nevada
Renault,Rapid
Renault,Safrane
Renault,Sandero
Renault,Sandero StepWay
Renault,Scenic
Renault,Symbol
Renault,Thalia
Renault,Trafic
Renault,Twingo
Renault,Twizy
Renault,Vel Satis
Rolls-Royce,Drophead
Rolls-Royce,Ghost
Rolls-Royce,Phantom
Rolls-Royce,Phantom VI
Rolls-Royce,Phantom VII
Rolls-Royce,Silver Cloud
Rolls-Royce,Wraith
Rover,214
Rover,200
Rover,213
Rover,216
Rover,218
Rover,25
Rover,2600
Rover,400
Rover,414
Rover,416
Rover,45
Rover,600
Rover,618
Rover,620
Rover,75
Rover,820
Rover,825
Rover,827
Rover,Land Rover
Rover,Maestro
Rover,Metro
Rover,MGF
Rover,Montego
Rover,Range Rover
Rover,Streetwise
Rover,Vitesse
Saab,9-3
Saab,9-3 Sport Convertible
Saab,9-5
Saab,9-7X
Saab,90
Saab,900
Saab,9000
Saipa,Tiba
Samand, Soren
Samand,EL
Samand,LX
Samand,Runna
Samand,SE
Samand,SPG
Samsung,SM5
Samsung,SM7
Samsung,SQ5
Saturn,Ion
Saturn,SC
Saturn,SL
Saturn,Vue
Scion,TC
Scion,xB
Seat,Alhambra
Seat,Altea
Seat,Arosa
Seat,Cordoba
Seat,Exeo
Seat,Freetrack
Seat,Fura
Seat,Ibiza
Seat,Inca
Seat,Leon
Seat,Leon SC
Seat,Malaga
Seat,Marbella
Seat,Ronda
Seat,Terra
Seat,Toledo
Shuanghuan,SCEO
Skoda,100
Skoda,105
Skoda,120
Skoda,1202
Skoda,Fabia
Skoda,Favorit
Skoda,Felicia
Skoda,Forman
Skoda,Octavia
Skoda,Octavia A5
Skoda,Octavia A7
Skoda,Octavia Tour
Skoda,Pickup
Skoda,Praktik
Skoda,Rapid
Skoda,Roomster
Skoda,Scout
Skoda,Spaceback
Skoda,Superb
Skoda,Taz
Skoda,Yeti
SMA,Maple C51
SMA,Maple C52
SMA,Maple C81
SMA,R
Smart,Cabrio
Smart,City
Smart,Forfour
Smart,Fortwo
Smart,MCC
Smart,Pulse
Smart,Roadster
SouEast,Lioncel
SsangYong,Actyon
SsangYong,Actyon Sport
SsangYong,Chairman
SsangYong,Family
SsangYong,Istana
SsangYong,Korando
SsangYong,Kyron
SsangYong,KYRON DELUXE
SsangYong,Musso
SsangYong,Rexton
SsangYong,Rexton II
SsangYong,Rexton W
SsangYong,Rodius
Subaru,BRZ
Subaru,Forester
Subaru,Impreza
Subaru,Justy
Subaru,Legacy
Subaru,Leone
Subaru,Libero
Subaru,Outback
Subaru,SVX
Subaru,Tribeca
Subaru,XV
Suzuki,Aerio
Suzuki,Alto
Suzuki,Baleno
Suzuki,Carry
Suzuki,Cultus
Suzuki,Forenza
Suzuki,Grand Vitara
Suzuki,Ignis
Suzuki,Jimny
Suzuki,Kizashi
Suzuki,Liana
Suzuki,LJ 80
Suzuki,Samurai
Suzuki,Splash
Suzuki,Super Carry Bus
Suzuki,Swift
Suzuki,SX4
Suzuki,Vitara
Suzuki,Wagon R
Suzuki,X90
Suzuki,XL7
Talbot,Horizon
Talbot,Samba
Talbot,Solara
Tarpan Honker,PW
Tatra,613
Tesla,Model S
Tesla,Model X
Tianma,Dragon
Tianma,Fengchi
Toyota,4Runner
Toyota,Aristo
Toyota,Aurion
Toyota,Auris
Toyota,Avalon
Toyota,Avensis
Toyota,Avensis Verso
Toyota,Aygo
Toyota,Caldina
Toyota,Camry
Toyota,Carina
Toyota,Celica
Toyota,Chaser
Toyota,Corolla
Toyota,Corolla Verso
Toyota,Corona
Toyota,Corsa
Toyota,Cressida
Toyota,Cresta
Toyota,Crown
Toyota,Curren
Toyota,Echo
Toyota,F
Toyota,FJ Cruiser
Toyota,Fortuner
Toyota,GT 86
Toyota,Hiace
Toyota,Highlander
Toyota,Hilux
Toyota,IQ
Toyota,Land Cruiser 100
Toyota,Land Cruiser 105
Toyota,Land Cruiser 200
Toyota,Land Cruiser 60
Toyota,Land Cruiser 70
Toyota,Land Cruiser 71
Toyota,Land Cruiser 73
Toyota,Land Cruiser 76
Toyota,Land Cruiser 78
Toyota,Land Cruiser 79
Toyota,Land Cruiser 80
Toyota,Land Cruiser 90
Toyota,Land Cruiser Prado
Toyota,Levin
Toyota,Lite Ace
Toyota,Mark II
Toyota,Matrix
Toyota,MR2
Toyota,Paseo
Toyota,Picnic
Toyota,Previa
Toyota,Prius
Toyota,Rav 4
Toyota,Scion
Toyota,Sequoia
Toyota,Sienna
Toyota,Soarer 
Toyota,Solara
Toyota,Sprinter
Toyota,Starlet
Toyota,Supra
Toyota,Tacoma
Toyota,Tercel
Toyota,Town Ace
Toyota,Trueno
Toyota,Tundra
Toyota,Urban Cruiser
Toyota,Venza
Toyota,Verso 
Toyota,Vista
Toyota,Windom
Toyota,XA
Toyota,Yaris
Toyota,Yaris Verso
Trabant,1.1
Trabant,601
Trabant,P 601
Triumph,Daytona
Volkswagen,Amarok
Volkswagen,Beetle
Volkswagen,Bora
Volkswagen,Caddy
Volkswagen,Caddy
Volkswagen,Caravella
Volkswagen,Corrado
Volkswagen,Cross
Volkswagen,Cross Golf
Volkswagen,Cross Polo
Volkswagen,Cross Touran
Volkswagen,Eos
Volkswagen,Fox
Volkswagen,Golf
Volkswagen,Golf GTI
Volkswagen,Golf I
Volkswagen,Golf II
Volkswagen,Golf III
Volkswagen,Golf IV
Volkswagen,Golf Plus
Volkswagen,Golf R
Volkswagen,Golf V
Volkswagen,Golf Variant
Volkswagen,Golf VI
Volkswagen,Golf VII
Volkswagen,Jetta
Volkswagen,K70
Volkswagen,Kafer
Volkswagen,Lupo
Volkswagen,Multivan
Volkswagen,New Beetle
Volkswagen,Passat Alltrack
Volkswagen,Passat B1
Volkswagen,Passat B2
Volkswagen,Passat B3
Volkswagen,Passat B4
Volkswagen,Passat B5
Volkswagen,Passat B6
Volkswagen,Passat B7
Volkswagen,Passat CC
Volkswagen,Phaeton
Volkswagen,Pointer
Volkswagen,Polo
Volkswagen,Santana
Volkswagen,Scirocco
Volkswagen,Sharan
Volkswagen,Syncro
Volkswagen,T1 (Transporter)
Volkswagen,T2 (Transporter)
Volkswagen,T3 (Transporter)
Volkswagen,T4
Volkswagen,T5
Volkswagen,Tiguan
Volkswagen,Touareg
Volkswagen,Touran
Volkswagen,Vento
Volkswagen,LT
Volvo,142
Volvo,144
Volvo,164
Volvo,240
Volvo,242
Volvo,244
Volvo,245
Volvo,340
Volvo,343
Volvo,345
Volvo,360
Volvo,440
Volvo,460
Volvo,480
Volvo,740
Volvo,744
Volvo,760
Volvo,780
Volvo,850
Volvo,940
Volvo,960
Volvo,C30
Volvo,C70
Volvo,S40
Volvo,S60
Volvo,S70
Volvo,S80
Volvo,S90
Volvo,V40
Volvo,V50
Volvo,V60
Volvo,V70
Volvo,XC60
Volvo,XC70
Volvo,XC90
Wanderer,W21
Wanderer,W23
Wanderer,W24
Wanfeng,SHK
Wartburg,1.3
Wartburg,1300
Wartburg,313
Wartburg,353
Wartburg,Tourist
Wiesmann,MF3
Willys,MB
Wuling,LZW
Wuling,Sunshine
Xin kai,6490
Xin kai,SUV X3
Xinkai,6490
Yugo,Florida
Zhong,Xing Admiral
Zimmer,Golden Spirit
Zotye,Nomad
Zuk,A-06
ZX,Admiral
ZX,LandMark
Богдан,2110
Богдан,2111
Богдан,2310
Богдан,2312
ВАЗ,1111 Ока
ВАЗ,2116
ВАЗ,2119
ВАЗ,2120 Надежда
ВАЗ,2190 Granta
ВАЗ,2302
ВАЗ,Жигули
ВАЗ,2101
ВАЗ,2102
ВАЗ,2103
ВАЗ,2104
ВАЗ,2105
ВАЗ,2106
ВАЗ,2107
ВАЗ,Калина
ВАЗ,1117
ВАЗ,1118
ВАЗ,1119
ВАЗ,Лада 110
ВАЗ,2110
ВАЗ,21106
ВАЗ,2111
ВАЗ,2112
ВАЗ,21123
ВАЗ,Ларгус
ВАЗ,Нива
ВАЗ,2121
ВАЗ,2123
ВАЗ,2129
ВАЗ,2131
ВАЗ,Приора
ВАЗ,2170
ВАЗ,2171
ВАЗ,2172
ВАЗ,2173
ВАЗ,Самара
ВАЗ,2108
ВАЗ,2109
ВАЗ,2109 (Балтика)
ВАЗ,21093
ВАЗ,21099
ВАЗ,2113
ВАЗ,2114
ВАЗ,2115
ВАЗ,Шевроле-Нива
ВИС,2345
ГАЗ,12
ГАЗ,13
ГАЗ,14
ГАЗ,20
ГАЗ,21
ГАЗ,22
ГАЗ,2217 Соболь
ГАЗ,24
ГАЗ,2401
ГАЗ,2402
ГАЗ,2403
ГАЗ,2404
ГАЗ,2410
ГАЗ,2411
ГАЗ,2412
ГАЗ,2413
ГАЗ,2417
ГАЗ,2705 Газель
ГАЗ,2747
ГАЗ,2752 Соболь
ГАЗ,31010
ГАЗ,3102
ГАЗ,31022
ГАЗ,310221
ГАЗ,31029
ГАЗ,3105
ГАЗ,3109
ГАЗ,3110
ГАЗ,31105
ГАЗ,3221 Газель
ГАЗ,32212
ГАЗ,32213
ГАЗ,3274
ГАЗ,3302 Газель
ГАЗ,33021 Газель
ГАЗ,33023 Газель
ГАЗ,3321
ГАЗ,67
ГАЗ,69
ГАЗ,M21
ГАЗ,Siber
ГАЗ,М 21
ГАЗ,М1
ГАЗ,М20
ГАЗ,Соболь
ГолАЗ,3207
ЕРАЗ,762 пасс.
ЕРАЗ,ЕРАЗ
Жук,А06
Жук,А07
Жук,Жук
ЗАЗ,1102 Таврия
ЗАЗ,1103 Славута
ЗАЗ,1104
ЗАЗ,1105 Дана
ЗАЗ,11055
ЗАЗ,110557
ЗАЗ,965
ЗАЗ,966
ЗАЗ,968
ЗАЗ,969
ЗАЗ,Chance
ЗАЗ,Forza
ЗАЗ,Lanos
ЗАЗ,Sens
ЗАЗ,Vida
ЗАЗ,Таврия-Нова
ЗИЛ,4104
ЗИМ,12
ИЖ,2117
ИЖ,2125
ИЖ,2126
ИЖ,2715
ИЖ,2717
ИЖ,412
ЛуАЗ,1301
ЛуАЗ,1302
ЛуАЗ,1901
ЛуАЗ,402
ЛуАЗ,696
ЛуАЗ,967
ЛуАЗ,968
ЛуАЗ,969
Москвич / АЗЛК,2137
Москвич / АЗЛК,2138
Москвич / АЗЛК,2140
Москвич / АЗЛК,2141
Москвич / АЗЛК,2142
Москвич / АЗЛК,2335
Москвич / АЗЛК,2901
Москвич / АЗЛК,400
Москвич / АЗЛК,401
Москвич / АЗЛК,402
Москвич / АЗЛК,403
Москвич / АЗЛК,407
Москвич / АЗЛК,408
Москвич / АЗЛК,412
Москвич / АЗЛК,423
Москвич / АЗЛК,426
Москвич / АЗЛК,Дуэт
СеАЗ,СЗД
СМЗ,С-3А
СМЗ,С-3Д
УАЗ,2206
УАЗ,3151
УАЗ,31512
УАЗ,3151201
УАЗ,31514
УАЗ,31519
УАЗ,3152
УАЗ,3153
УАЗ,3160/3162
УАЗ,3162
УАЗ,3163
УАЗ,3303
УАЗ,331512
УАЗ,3741
УАЗ,3909
УАЗ,39094
УАЗ,3962
УАЗ,451
УАЗ,451Д
УАЗ,452
УАЗ,452П
УАЗ,469
УАЗ,469Б
УАЗ,69
УАЗ,Hunter
УАЗ,Pickup
УАЗ,ЛЭК 45277
УАЗ,Патриот
Эстония,21